{"cameraMode":{"drawMode":0,"name":"Shaded","section":"Shading Mode"},"sceneLighting":false,"audioPlay":false,"sceneViewState":{"m_AlwaysRefresh":false,"showFog":true,"showSkybox":false,"showFlares":true,"showImageEffects":true,"showParticleSystems":true,"showVisualEffectGraphs":true,"m_FxEnabled":true},"in2DMode":false,"pivot":{"x":4.199999809265137,"y":3.1999998092651369,"z":6.099999904632568},"rotation":{"x":-0.19386374950408936,"y":0.12819848954677583,"z":-0.02556154876947403,"w":-0.9722802639007568},"size":2.4494895935058595,"orthographic":false}