{"cameraMode":{"drawMode":0,"name":"Shaded","section":"Shading Mode"},"sceneLighting":false,"audioPlay":false,"sceneViewState":{"m_AlwaysRefresh":false,"showFog":true,"showSkybox":false,"showFlares":true,"showImageEffects":true,"showParticleSystems":true,"showVisualEffectGraphs":true,"m_FxEnabled":true},"in2DMode":false,"pivot":{"x":4.178536415100098,"y":8.100000381469727,"z":6.099999904632568},"rotation":{"x":0.08504752814769745,"y":-0.12342021614313126,"z":0.010601002722978592,"w":0.9886704087257385},"size":3.2557640075683595,"orthographic":false}