{"cameraMode":{"drawMode":0,"name":"Shaded","section":"Shading Mode"},"sceneLighting":false,"audioPlay":false,"sceneViewState":{"showFog":false,"showMaterialUpdate":false,"showSkybox":false,"showFlares":false,"showImageEffects":false,"showParticleSystems":false},"in2DMode":false,"pivot":{"x":4.199999809265137,"y":3.1999998092651369,"z":6.099999904632568},"rotation":{"x":0.21102724969387055,"y":0.3199958801269531,"z":-0.07334603369235993,"w":0.9207109212875366},"size":2.4494895935058595,"orthographic":false}