{"cameraMode":{"drawMode":0,"name":"Shaded","section":"Shading Mode"},"sceneLighting":true,"audioPlay":false,"sceneViewState":{"m_AlwaysRefresh":false,"showFog":true,"showSkybox":true,"showFlares":true,"showImageEffects":true,"showParticleSystems":true,"showVisualEffectGraphs":true,"m_FxEnabled":true},"in2DMode":false,"pivot":{"x":186.3833465576172,"y":277.93975830078127,"z":12.3343505859375},"rotation":{"x":0.0001904404634842649,"y":-0.010402685962617398,"z":-0.0000019404233171371745,"w":-0.9999462366104126},"size":48.545166015625,"orthographic":true}